healing_avg_per_10m, final_blows_avg_per_10m, role, deaths_avg_per_10m, playerId, name, eliminations_avg_per_10m, teamId, team, ultimates_earned_avg_per_10m, time_played_totalhero_damage_avg_per_10m, 
7438.119964674388, 3.4954453527243468, offense, 5.4020519087558085, 5197, Ado, 12.669262404933699, 7697, WAS, 4.393484672594238, 43427.942560076715160.244561978453, 
8381.211581585098, 3.5994952497596744, offense, 4.384839667889058, 8675, Adora, 14.267090262683801, 7693, HZS, 4.679343824687577, 18335.904181122784971.701139087111, 
9451.76099539948, 3.527658458656351, offense, 5.291487687984526, 4142, Agilities, 15.526847084450946, 4405, VAL, 5.317237019799537, 46603.151049554356066.638943846036, 
8667.148638879224, 2.1868856816477846, support, 4.87616401989033, 8751, Aid, 12.648473942503403, 7695, TOR, 4.10779878039246, 20302.8445302844055287.238728055217, 
9653.127509683563, 3.560618107876597, support, 4.651057403413804, 5863, AimGod, 13.697252783737783, 4402, BOS, 4.6844381981751475, 53923.2218067056912.703365607671, 
57.68316750838419, 6.148609780948789, offense, 4.395838666922663, 3985, aKm, 19.906471937868137, 4523, DAL, 4.85489776821522, 43131.70122158527410265.382553284177, 
4990.147961771174, 1.8119424224932512, support, 4.711050298482453, 8672, alemao, 13.045985441951409, 4402, BOS, 3.261496360487852, 1655.68174946308144793.2680941414355, 
0, 4.845171091855863, tank, 6.379475270943552, 8812, ameng, 15.97560579453586, 7692, CDH, 4.737500623147954, 44580.469070136557364.40688417254, 
6278.738882146635, 2.0168369022462356, support, 2.2825279911649012, 4841, Anamo, 16.436616909922915, 4403, NYE, 3.490214758977018, 49681.756560683254702.438288901335, 
7970.0465193219725, 3.1059928899437494, offense, 5.38695641849619, 6981, Apply, 14.122561421462986, 4407, FLA, 4.7075204738209955, 12363.196362853054799.85438443113, 
8496.42934987841, 3.7232499698514845, offense, 4.327020235232806, 5715, Architect, 15.245199200878375, 4404, SFS, 4.830162123050574, 11925.0655635595325164.459846779708, 
7131.876230947408, 2.6275687501441936, offense, 6.3937506253508705, 5508, ArHaN, 9.984761250547935, 4525, HOU, 4.466866875245128, 6850.4392126798634640.182745708597, 
6437.4906580819825, 1.150904729120137, support, 2.997705340964078, 4652, ArK, 7.842211293772097, 7697, WAS, 3.0780010197399017, 22417.146569311622838.563015019329, 
3401.4879205258153, 8.701662022472812, offense, 3.6638576936727634, 4646, Asher, 15.113412986400148, 7695, TOR, 4.121839905381859, 1310.09455096721658421.178551194409, 
0, 3.383387299021946, tank, 6.323051673581998, 5878, Axxiom, 13.589014561645524, 4402, BOS, 3.771644857926104, 10817.5614451766017227.732158597083, 
53.471236103440305, 5.356624558297894, offense, 4.627318867262031, 4491, babybay, 18.509275469048124, 7698, ATL, 4.677615811471401, 23858.30827027559310229.728997412729, 
126.03381541102212, 5.952215048657493, offense, 6.161589447353988, 8896, Baconjack, 15.643258645466677, 7692, CDH, 4.277219859085535, 20059.7591021060947537.754120444914, 
6825.377769646799, 2.102967108822297, support, 5.257417772055742, 4624, Bani, 11.303448209919846, 4525, HOU, 3.6801924404390203, 2282.48933607339864791.691329552008, 
7845.662161749598, 3.6680876292948357, offense, 5.930075000693318, 8676, Bazzi, 15.925613790521744, 7693, HZS, 4.615676933529334, 19628.7568009495745250.646707118291, 
9186.93374544606, 4.483816414465489, support, 3.9664529820271626, 4655, Bdosin, 16.383175360546975, 4410, LDN, 4.762396724239971, 45229.327263653288003.0446458996585, 
9814.683370284985, 3.169769335761314, support, 4.367792391797086, 8731, BEBE, 13.540156414570966, 7693, HZS, 4.94184510614756, 48079.208250463018041.798490884039, 
0, 4.020832140992362, tank, 6.719746865768058, 8708, BenBest, 13.384413839193757, 7694, PAR, 4.626710956758336, 21786.534958004957312.044178425127, 
5437.273707210779, 2.31237416134915, support, 4.562251723742917, 4643, BigG00se, 13.736752450393057, 4406, GLA, 3.4998095415014157, 48002.612144410614487.891819622597, 
6502.277676463536, 5.060298219784782, offense, 4.149444540223522, 4656, BIRDRING, 18.662379834566277, 4410, LDN, 4.534027204927165, 29642.521741807466234.921226456601, 
7206.124433923586, 4.303661207231565, offense, 5.603725530249434, 8184, blase, 15.051606774249981, 4402, BOS, 4.505395326320546, 53535.812626898295231.25796157185, 
5565.062126234238, 2.162141615674619, support, 4.968896880742913, 4625, Boink, 10.837566980431163, 4525, HOU, 3.061914834619957, 44677.924563169483654.065953740342, 
9298.101347394793, 4.189520637595944, support, 4.828830605021299, 4079, Boombox, 15.465860275800612, 4524, PHI, 4.951251662613388, 44110.0584018230447899.161906909332, 
314.71516849538324, 5.0344701714926465, offense, 4.815018907607069, 8704, bqb, 16.78156723830882, 4407, FLA, 4.608476541597114, 46479.568262219439580.226430719002, 
9.339952856567296, 5.442076997711517, tank, 5.815461354329803, 8771, BUMPER, 16.72761917649921, 7696, VAN, 5.152704121332345, 64276.929589033138741.226829096688, 
0, 1.5298621206194096, offense, 10.709034844335868, 4667, Bunny, 4.589586361858229, 4405, VAL, 3.0597242412388193, 392.19220602512365954.415708938859, 
9.752224347138567, 6.214412793767703, offense, 4.5013142099344, 4620, carpe, 18.832269949174368, 4524, PHI, 4.359540534030955, 50785.1683616042149723.944881240946, 
5128.6254037753815, 1.9307685142975861, support, 4.047956057561836, 8721, Chara, 11.371560766966473, 7699, GZC, 3.1158609127285186, 45059.777676999574929.2340707721305, 
2.9884657245856374, 5.645899481054561, tank, 3.0187017298339165, 5831, Choihyobin, 20.265482261376494, 4404, SFS, 2.7817387954100936, 58236.956060469156453.35842925278, 
5377.617972225125, 2.1496316244769824, support, 3.116329869803909, 4663, Closer, 13.902647133451724, 4523, DAL, 3.103610156049607, 47170.872834861284115.231424755192, 
38.22436995170213, 4.968570985937399, offense, 5.0989796732323445, 5306, ColourHex, 16.36629025551558, 4402, BOS, 4.264364074544697, 46009.204788863669587.886055282326, 
5540.667768717493, 1.9434661126419335, support, 3.727195284518776, 8892, CoMa, 11.274765735669298, 4408, SHD, 2.941821992423748, 45074.107251048093016.6703215949788, 
0.5534467593319241, 4.80684224898941, tank, 4.357851489468421, 4138, coolmatt, 16.058022458162423, 4525, HOU, 4.3842627106167145, 22717.6167520284657308.383579752691, 
70.50520322456707, 5.4718989438815875, offense, 5.295822987766586, 8784, Corey, 14.763291705027054, 7697, WAS, 4.496709033090809, 44299.063722848899568.998348619567, 
6517.190746852937, 1.5975456661998977, support, 4.223648131186031, 3577, Custa, 11.642387594771858, 4405, VAL, 3.370164830065537, 27417.056630492214271.294158343587, 
0.1431308874950888, 5.125695875359744, tank, 3.6638548134340407, 8701, Daco, 18.78188199815935, 7698, ATL, 2.9051778066118406, 32424.8656263351446788.8981904619595, 
437.14414142572446, 4.7054871947987325, offense, 4.190287866901061, 4489, Danteh, 16.778324778534166, 4525, HOU, 4.671140572938888, 34937.933776915078564.970253088479, 
4224.375072791892, 6.069242006254961, offense, 5.871331940833604, 8746, danye, 13.655794514073662, 7694, PAR, 4.3540214392698635, 9095.040194988257255.106314436467, 
524.589247848867, 6.2593710221918535, offense, 3.9502295082046035, 8895, DDing, 19.475212391552844, 4408, SHD, 4.7199433462003535, 41314.055211484438769.475042821441, 
74.9230832779419, 6.599112525840342, offense, 4.235251322554249, 8180, Decay, 19.81375328032162, 4406, GLA, 4.612812486968, 36550.36931943893410274.447158644347, 
13.302024788101633, 7.644124541494891, offense, 4.821010364238255, 8893, diem, 20.833134877293844, 4408, SHD, 4.5169826836106175, 41443.594787120829575.297358067512, 
0, 7.223194474562393, offense, 4.815462983041596, 4615, Diya, 14.446388949124787, 4408, SHD, 3.6115972372811966, 498.394444823265110081.81698378452, 
8990.275474957933, 4.371218484707019, support, 5.370354138354338, 9251, Dogman, 15.392933664004003, 7698, ATL, 4.808340333177721, 38433.2196131944667163.612226416055, 
4448.817295355773, 4.242035156958243, offense, 4.289432197818112, 8722, Eileen, 15.56992792246685, 7699, GZC, 4.5501159225473895, 25318.036278843886340.183110082375, 
7268.11958214249, 3.883155772442293, support, 5.408681254473194, 5175, Elk, 12.134861788882166, 4524, PHI, 3.952497839807334, 8652.756152212625769.1949395174115, 
74.65961934640343, 5.747287059398637, tank, 3.8225515804899595, 8787, Elsa, 18.291716893964278, 7692, CDH, 3.095728392650319, 44577.554131567487411.652006627179, 
119.35567543978257, 5.189362023328254, tank, 4.355138341091089, 4634, Envy, 16.868493574648582, 7695, TOR, 3.484110672872871, 48907.7460502982146989.921752040765, 
8667.587721199849, 4.0891286270604, offense, 5.257451091934799, 4083, eqo, 17.047970660922363, 4524, PHI, 4.732898148521803, 50328.570893585685733.260513263372, 
7331.960102843669, 5.093813818406355, offense, 4.995382633509614, 8692, Erster, 18.062122428552, 7698, ATL, 4.761608569379854, 48765.033206045635989.710826979079, 
6900.108279124612, 1.5149713969316752, support, 3.5168978857342466, 8684, Fahzix, 10.036685504672349, 7697, WAS, 3.2734203397987987, 22178.6365525126464379.956218541275, 
0, 4.0599764459651135, tank, 6.294240213398745, 4636, Fate, 13.916271465729476, 4407, FLA, 4.5578980855646085, 46995.3465344905858087.818792028812, 
68.05268937531083, 5.4888483607990395, tank, 4.359310434460973, 5864, Finnsi, 18.054957791310024, 7694, PAR, 3.900435651886134, 33996.202433407316998.981126663677, 
0, 5.221529664032239, tank, 5.537347990485801, 4657, Fissure, 16.696262191845022, 4409, SEO, 4.442511125446784, 28497.396275460727969.496063479301, 
1.1857935049389272, 6.256923377880016, offense, 4.088682603367139, 8831, FITS, 19.307667849233713, 4409, SEO, 4.708179967513676, 29055.81369954347610807.417463761796, 
6420.653469976083, 4.211221953433743, offense, 5.213893847108443, 8235, Fl0w3R, 12.633665860301228, 4403, NYE, 4.211221953433743, 2992.00567895174034275.205087197275, 
1686.9892384026134, 6.437368969483711, offense, 4.2018839254186275, 4631, Fleta, 19.66398881353545, 4409, SEO, 4.470970088130166, 28986.997775733479856.622332111981, 
61.04456622912159, 5.634643173490847, tank, 3.648330112332203, 9591, frd, 19.092927587871863, 7698, ATL, 2.6349050811288133, 14801.2921904921536993.765561181498, 
9.30559975154572, 6.1506187596257575, tank, 3.4212816850418277, 4659, Fury, 20.284228117682446, 4410, LDN, 3.7031850448580084, 46824.5572121143346877.269901028716, 
0, 5.116258934532887, tank, 6.339456472903967, 8203, Fusions, 14.607801371700793, 4402, BOS, 4.210622295546606, 51013.837129771717341.541608435957, 
0, 6.221823775390542, tank, 6.408191768662608, 4606, Gamsu, 17.747967359293753, 4408, SHD, 4.401151841117272, 41852.680082321177493.397354330032, 
7952.203574487313, 3.755115772037845, support, 3.129263143364871, 8785, GARRY, 15.02046308815138, 7692, CDH, 4.380968400710819, 958.69214653968817428.68769803933, 
0, 5.878850210728284, tank, 5.878850210728284, 8712, Gator, 13.437371910236077, 7698, ATL, 4.199178721948774, 714.42541474103936701.287101222071, 
0.2700050534683716, 5.556547956226646, tank, 4.963130213328655, 5210, Geguri, 17.478849881722653, 4408, SHD, 3.1289299170984997, 11122.0132511854176277.563694333792, 
0, 5.612789675234682, tank, 5.510272968837702, 4666, Gesture, 17.415025499187063, 4410, LDN, 4.446662139969028, 46821.6368697285657548.494592172954, 
9110.473753504595, 2.935692653703925, support, 4.654146890018417, 4413, Gido, 10.418128807656613, 7697, WAS, 4.528842935287153, 33518.495158493527005.434257364239, 
116.62761058378139, 5.687765512766843, offense, 4.110389247080492, 8713, GodsB, 17.4202210947697, 7693, HZS, 4.65153292946924, 52111.8529472947110489.687184860424, 
8878.671078649455, 3.625037651103804, support, 6.0988809130057255, 8694, Greyy, 12.173268328368856, 7694, PAR, 4.555790561522349, 24496.297293066985545.753668300581, 
7195.1064886568465, 3.352149979036765, offense, 4.469533305382353, 8789, Guard, 16.621076979390626, 4410, LDN, 5.028224968555147, 17183.002061426645712.986480037257, 
0, 1.587280529559135, tank, 5.290935098530449, 8863, GuardiaN, 7.4073091379426295, 4408, SHD, 3.7036545689713147, 1134.0150442719465955.3345773847295, 
0, 4.8155092547396, tank, 5.285315035689805, 8741, Guxue, 14.960377837133088, 7693, HZS, 4.521880641645723, 40867.9517760872848264.239822075138, 
9397.032549089401, 3.3822728565705047, support, 5.254141422229753, 4664, HaGoPeun, 12.470517478805753, 4407, FLA, 4.479575119198341, 46477.622198522096044.406026259753, 
9547.288467189957, 4.882369912463398, offense, 3.7994733353204646, 8750, Haksal, 19.501473703892998, 7696, VAN, 5.339800363153086, 64272.065743923196024.402704789698, 
1108.052342047686, 5.017215389207798, offense, 4.234585690612709, 8723, Happy, 16.197639654851915, 7699, GZC, 4.486145236589702, 42932.181158363829569.091363614316, 
150.69829482254585, 4.306058725070471, offense, 3.0757562321931937, 4661, Hooreg, 16.609083653843246, 7696, VAN, 4.92120997150911, 975.36988419294368571.733658214336, 
7.758518386534944, 5.259839598366715, tank, 3.4049843243834896, 4671, HOTBA, 16.640701600878067, 7699, GZC, 2.901523607159472, 45286.552098274236669.754917182813, 
8477.284482303821, 3.596158675357744, offense, 5.119531447557899, 4645, Hydration, 15.883034149496702, 4406, GLA, 4.869798206213611, 48051.2723712921145390.535703987148, 
7475.306214478678, 0.8347251191301336, support, 6.260438393476001, 8782, Hyeonu, 6.677800953041069, 7697, WAS, 3.756263036085601, 1437.5990041494373572.634840339715, 
10568.360507306817, 3.77314079030422, support, 5.618399424978547, 8742, HyP, 13.770586825927811, 7694, PAR, 4.819705389074734, 21785.5639554262167008.936627697189, 
5230.891338853825, 2.1184408076458174, support, 3.6381918218265126, 8717, iDK, 12.28465403129395, 7693, HZS, 3.1316081504329474, 52113.7997349500664488.094343446388, 
4345.070013560334, 3.6858202656493932, offense, 6.406306652200136, 9602, im37, 13.748694641708054, 7695, TOR, 4.475638894002834, 20511.0381275415426600.631322152877, 
964.707177811146, 6.697925443180024, offense, 5.55707001055046, 8754, ivy, 18.376359549237502, 7695, TOR, 4.698361620399175, 48910.6668593287510306.509003480172, 
10963.611714232413, 3.6551714266463717, support, 4.98164492825191, 5872, IZaYaKI, 13.706892849923893, 4405, VAL, 5.173246656261599, 40709.4449566006668148.805107873178, 
6909.756616371486, 4.242902289555433, offense, 6.083430680001854, 4140, Jake, 14.724227123571364, 4525, HOU, 4.378520170956747, 30969.367435932165156.949299938773, 
0, 3.7654830872732976, tank, 6.162930952191909, 4648, Janus, 12.027874034167944, 7697, WAS, 4.022836247914278, 44297.105081617836550.227790781587, 
5440.599409218075, 2.23155422775066, support, 3.999955691251183, 8179, Jecse, 13.473534960003985, 4409, SEO, 3.0315453660008966, 28500.3157033324243696.567141118508, 
4298.704900994649, 6.446277041464025, offense, 6.215568178927419, 8811, JinMu, 16.23104703492837, 7692, CDH, 5.007739428000475, 44211.565554320818599.225855206412, 
0.018949099841812016, 5.236636206358351, tank, 2.445630456445433, 8748, JJANU, 21.067892901516572, 7696, VAN, 1.9602381521127517, 64277.904123127466509.911932105899, 
9348.30997847066, 4.645515932488436, support, 3.7117438857570924, 4653, JJONAK, 16.80789684116419, 4403, NYE, 4.9489918476761225, 51404.408782660968435.221186820158, 
1911.6221899275106, 5.231470760227017, offense, 4.437589983383229, 4635, KariV, 17.933563189727636, 4405, VAL, 4.966843834612421, 29475.45863628387510037.780871886924, 
5866.668001918487, 1.71058985417721, support, 4.374058620412866, 3981, Kellex, 11.078652411281931, 4402, BOS, 3.180089863134813, 52262.6740604639053950.1951690329834, 
9836.415655187328, 4.04794945763594, support, 5.252696320027589, 8691, Kodak, 13.878683854751795, 7698, ATL, 4.915367198557926, 12450.7483424544337758.01224101901, 
7896.242513533835, 1.8817557738381692, support, 3.7635115476763383, 8790, Krillin, 18.06485542884642, 4410, LDN, 4.516213857211605, 1594.25576990842827626.847092175531, 
5295.4043968809565, 1.8718685332157565, support, 4.415027850757164, 8706, Kris, 11.244120637454646, 4407, FLA, 2.80134808074358, 46477.6230040788653498.247475866497, 
6493.763211699612, 2.145141595504298, support, 4.761167931485149, 8744, Kruise, 10.725707977521491, 7694, PAR, 3.623196475333479, 45871.097836256034199.874614311914, 
9068.702549918366, 3.604211103281206, offense, 5.385115413137802, 8718, Krystal, 14.883271732372982, 7693, HZS, 5.003493061025674, 14150.1145572662355655.519835701009, 
76.85989825871373, 5.620251137601864, offense, 4.738148941117267, 5865, KSF, 16.911159252604712, 4405, VAL, 4.511322662021227, 23806.76534271240210359.50255222371, 
5533.162037506121, 1.9000638166230548, tank, 4.413051445059998, 4647, KuKi, 11.798783377417356, 4405, VAL, 2.911388106115971, 19578.2897787690163690.4118136051097, 
7479.251030703077, 3.265271694457187, offense, 4.213253799299596, 8674, Kyb, 12.007773328003848, 7699, GZC, 4.450249325510198, 22785.240237832074912.673999045271, 
8073.3384389133735, 3.48014558864562, support, 4.993252366317629, 8772, Kyo, 13.205295514228439, 7692, CDH, 4.539320333016025, 43618.8648242950446025.234303747082, 
119.81640939460753, 5.240133244945687, tank, 5.284167978096491, 8786, lateyoung, 18.40651845703611, 7692, CDH, 4.271369115627998, 13625.6077207326899117.06758596984, 
0, 4.194561765504993, tank, 6.341190433734019, 8745, LhCloudy, 14.434227251884828, 7694, PAR, 3.775105588954494, 24317.200628399856603.752259198962, 
8471.544903095875, 3.7697731407374038, offense, 3.984108068471637, 4654, Libero, 17.05853866025989, 4403, NYE, 4.614504914748795, 47589.07056272034815.017955410071, 
3301.5203479335064, 6.431641238422106, offense, 5.5187631271621935, 4629, LiNkzr, 17.967101007979174, 4525, HOU, 4.522896096696836, 14459.761754810817294.357360923184, 
8368.185847647768, 3.634015687761982, support, 5.111582505863007, 8891, Luffy, 15.254879040934913, 4408, SHD, 4.459323279854447, 45074.103711664686910.139174511254, 
3.4021646194891675, 5.8279120266970335, tank, 5.1169067594399955, 4093, Mano, 16.784386636887454, 4403, NYE, 4.743920389731385, 51476.411899447447691.409160079279, 
0, 4.785945845285347, tank, 5.520422682928149, 8218, Marve1, 16.39541844028446, 4409, SEO, 4.785945845285347, 25324.1478106975567751.326014784967, 
6066.662527001279, 2.346515038183989, support, 4.834528470630329, 8681, Masaa, 13.819676506289625, 7698, ATL, 3.5374598565587774, 50883.969655871394980.958659111187, 
0, 3.3367734285876507, tank, 3.583941830705254, 9285, Mcgravy, 14.212183121762214, 4405, VAL, 3.707526031764056, 4854.9895120859156284.994958313105, 
4.343053454059406, 5.729478748845985, tank, 3.3634591845452135, 4649, MekO, 19.83281105369764, 4403, NYE, 3.1546927524010275, 51732.4547297954566419.593407612151, 
23.574559271063094, 5.116406288850345, tank, 2.999689739089564, 8242, Michelle, 19.340741503242793, 4409, SEO, 2.6368240448448588, 49605.130177617076652.496626604172, 
6812.217144101413, 2.4843263643359483, support, 3.3722605021594427, 5716, moth, 14.1502695580808, 4404, SFS, 3.4005988257070014, 63518.2246041893964381.725433634279, 
0, 4.600093771220633, tank, 6.344956925821563, 4623, Muma, 14.11752915995298, 4525, HOU, 4.150659322308273, 45390.37906277187418.943022257399, 
8201.825625293466, 3.386680007631782, offense, 4.82601901087529, 4642, Munchkin, 16.70358960906961, 4409, SEO, 5.0316388684815045, 49606.103801190855474.080973079891, 
9086.936837465048, 3.2739568235396277, support, 4.267545710285485, 4612, Neko, 11.760183216893587, 7695, TOR, 4.870214379295267, 36836.1607987284666245.175357398637, 
26.523007923220273, 6.534549748505459, offense, 3.30228139076258, 8236, Nenne, 20.105409315490903, 4403, NYE, 4.819230439522776, 51418.9979312419910594.993683763596, 
5394.628680058685, 2.5020375550003866, support, 4.421917857104643, 4024, neptuNo, 13.872683473269468, 4524, PHI, 3.3071486494312037, 48440.519910573964768.623926295233, 
12.723959408604458, 4.542688709948503, tank, 3.97485262120494, 4626, Nevix, 17.375784315553023, 4404, SFS, 2.8391804437178148, 5283.2147506475456318.108318307082, 
6146.476241529164, 3.332998795421452, offense, 5.4183509829311305, 8743, NiCOgdh, 15.167818047613133, 7694, PAR, 4.687586541154235, 33663.378502905375347.182348399629, 
4874.383684656506, 3.496674177948946, offense, 6.483416704947002, 8671, NLaaeR, 12.675443895064928, 7698, ATL, 4.370842722436182, 8236.3979411125185417.865258722955, 
0, 4.21452371112149, tank, 6.188414563165733, 8714, NoSmite, 13.603842358683291, 7693, HZS, 3.7877364998686813, 11246.8224760293966114.777721092437, 
6.149960652018023, 5.758263270623867, tank, 4.245992108641841, 4607, NotE, 18.70563098820844, 4523, DAL, 3.86210789060025, 51578.051582872876733.660855828734, 
6291.59159375423, 1.999076026877591, support, 3.383051737792846, 4660, NUS, 13.82694251923667, 4410, LDN, 3.4214955075404925, 46821.6309642791754200.438653333417, 
0.19785408075734698, 5.774512086127409, tank, 5.863546413446555, 5717, OGE, 16.776611104850335, 4523, DAL, 4.375401228255129, 47172.8166704177868084.898248869787, 
21.493010064973138, 4.744635072565631, tank, 3.5973177754212973, 4668, Poko, 17.233661900855516, 4524, PHI, 3.9200007652431412, 50204.0718320608146791.2072343981745, 
3.2152068801583233, 4.4485691160844425, tank, 6.385849215024441, 8702, Pokpo, 15.785245250622218, 7698, ATL, 4.65186394128185, 50173.436486124998027.382575866619, 
1460.3580165759056, 6.509675669955648, offense, 3.9083682664103794, 4662, Profit, 20.195371763484452, 4410, LDN, 4.920699719021592, 46822.60921335229882.931145895962, 
8746.183384071343, 5.195238827814416, support, 4.870536401076015, 8781, RAPEL, 17.20922861713525, 7696, VAN, 5.357590041183617, 3695.69150453805927767.220785520157, 
10618.304976017534, 3.8907511474595347, offense, 3.9367955397371626, 4658, Rascal, 16.38029255276603, 4404, SFS, 5.421727190690654, 52123.611177861695213.238874088145, 
8765.364186443523, 3.3272218158577993, support, 4.888140692433064, 4136, Rawkus, 11.953352449563205, 4525, HOU, 4.47737256701852, 43820.342636942866586.2325208025395, 
163.59336214570766, 4.491207549209214, tank, 4.266647171748754, 8801, rCk, 16.480236590292698, 4402, BOS, 5.077559645911528, 48093.969747185717433.123745030429, 
8786.595401297007, 1.9328122887347907, support, 4.75769178765487, 8715, Revenge, 8.325960628396022, 7693, HZS, 4.46033605092644, 4035.5703683495526524.757119773825, 
8.007058297374524, 5.106878348328097, tank, 4.338482300547249, 8716, Ria, 16.940177484153157, 7693, HZS, 3.1326915794142263, 50755.076256096366830.59899025096, 
0, 4.888126776359601, tank, 5.2325476332304675, 8724, Rio, 14.293465560140948, 7699, GZC, 4.265519842785343, 45293.424276709567398.572256937405, 
12489.082152654599, 2.69980389090728, support, 5.39960778181456, 8686, Ripa, 10.79921556362912, 4406, GLA, 6.299542412116987, 666.71509218215949261.831927454985, 
0, 5.381642707206414, tank, 5.718775777031409, 8222, rOar, 15.795308641800725, 4406, GLA, 4.557539647634201, 48052.242422878747824.919855019129, 
6333.016609307489, 1.8437289681582294, support, 4.07095356169337, 8687, RoKy, 12.15386135809905, 7695, TOR, 3.2154633204679524, 40678.4301246404654263.718163892984, 
9546.24327951047, 3.867849633739082, support, 4.1910993149449425, 4105, ryujehong, 14.891778416932029, 4409, SEO, 4.659254025656877, 53828.359350860127204.054780508627, 
0, 5.004159706592425, tank, 6.585663010090975, 4669, Sado, 16.133694148376993, 4524, PHI, 4.237012581761039, 50837.706011831767485.4727540848535, 
8532.988578475031, 0.7383500908046293, offense, 5.906800726437035, 4099, Saebyeolbe, 9.59855118046018, 4403, NYE, 4.430100544827776, 812.62263995409013931.13662050163, 
36.21265952248574, 4.49367943987414, tank, 4.164873627200423, 8730, Sansam, 14.919563750069935, 7697, WAS, 2.7948494077265993, 43794.8462130427366429.741761085341, 
0, 3.535263694620587, offense, 5.30289554193088, 9155, SASIN, 11.489607007516906, 7693, HZS, 2.209539809137867, 1357.74878895282756795.5993761516775, 
5733.029326278238, 4.041329244071067, offense, 6.439184595553233, 5442, sayaplayer, 12.285640901976043, 4407, FLA, 3.987444854150119, 22269.900462090975297.326928192617, 
29.717952857639162, 7.173686772574277, offense, 3.266404928146213, 8728, SeoMinSoo, 21.727794806846006, 7696, VAN, 5.416443615027264, 58045.46716368198412015.645449505497, 
3863.938432431517, 4.333003052084315, offense, 6.447921208458802, 3479, ShaDowBurn, 14.262801713110871, 7694, PAR, 4.35879473691815, 23263.311562061317251.403815700938, 
10573.207902358925, 3.418906215075397, support, 3.9380734551424017, 4644, Shaz, 14.182129484757201, 4406, GLA, 5.141021938224486, 47383.5752749443057377.502697033341, 
10035.926581744614, 3.5192449358353493, support, 3.6642325549147086, 8725, shu, 13.523390652311118, 7699, GZC, 5.140470130995455, 45521.128230869777594.971086465826, 
115.59533644232164, 6.864491956498568, offense, 3.276676755439118, 4139, sinatraa, 21.60467581776178, 4404, SFS, 5.610215097591605, 61708.8639165759113054.856690280045, 
10509.639304125756, 3.022297894608823, support, 3.768983256806297, 4488, sleepy, 12.978102723908476, 7697, WAS, 5.191241089563389, 16874.577483236797321.227449229784, 
5770.819981171303, 2.6511091135238365, support, 3.2578770444359817, 8749, SLIME, 15.58926837881974, 7696, VAN, 3.2205374794567727, 64274.9855638742454671.710560290237, 
0, 5.9045535467699, tank, 4.981967055087104, 7831, Smurf, 15.314935761934429, 4404, SFS, 4.797449756750544, 3251.7276450991637939.018609376702, 
6369.452282835083, 2.914591745953461, offense, 7.286479364883652, 4493, snillo, 13.115662856790575, 4524, PHI, 2.914591745953461, 411.72147065401084268.438246715948, 
132.55408603167282, 5.708289242556093, offense, 5.66085193583125, 3987, SoOn, 17.6624905372165, 7694, PAR, 4.506544138860073, 37944.818630635749448.175003798962, 
7.501703551581972, 4.978906983401404, tank, 3.3575706067553055, 4637, SPACE, 17.10701373784072, 4405, VAL, 4.263987006297612, 46998.2670453786856861.668663090667, 
32.065154441333796, 5.100617011189648, tank, 4.9176352350034715, 4094, SPREE, 17.15454151745397, 4525, HOU, 4.43730807251476, 26232.1204878687868694.118232032812, 
155.44862608568175, 5.3651958984640835, offense, 4.566124168905603, 8747, Stitch, 15.29651596583377, 7696, VAN, 3.881205543569763, 5256.0988515019428300.622829140175, 
6767.470658696706, 2.4418000898344925, offense, 5.993509311411937, 8783, Stratus, 7.769363922200659, 7697, WAS, 3.551709221577444, 2702.9239729642875354.826482299878, 
0, 6.573148783210304, offense, 7.042659410582469, 4610, STRIKER, 14.085318821164938, 4404, SFS, 4.225595646349481, 1277.9263450503358429.293452814338, 
0, 6.3120675016816294, tank, 4.838588021793805, 4490, super, 17.512502737315433, 4404, SFS, 5.037706870427295, 60265.51520538338959.243916567602, 
117.51042947155811, 5.434889069249817, offense, 4.443120990919558, 4144, Surefour, 16.42367937714908, 4406, GLA, 4.482791714052769, 15124.5037299990659310.618743969271, 
0, 4.8535418766009535, tank, 6.531628163723623, 8705, SWoN, 14.818792750898655, 4407, FLA, 3.7176065437794534, 46481.519215404996869.457361846165, 
5991.164045243136, 2.321716078454659, support, 3.4588831372895945, 4104, tobi, 14.1672062746519, 4409, SEO, 3.340428235327622, 25326.0941532254224302.348479952105, 
6529.7602766176215, 4.6991869127047545, offense, 4.746178781831802, 3504, TviQ, 19.172682603835398, 4407, FLA, 4.6991869127047545, 12768.1663050651556059.5241485281695, 
9446.013047592092, 4.655130685349074, support, 3.9717178826063377, 8729, Twilight, 16.560379799795005, 7696, VAN, 5.110739220510898, 60578.3207950592047994.020175465588, 
9507.115131903412, 3.6759970828128856, support, 4.604536138333096, 3983, uNKOE, 14.220639233857462, 4523, DAL, 4.680854416869003, 47170.875300943856499.583339127101, 
11171.535706035404, 4.374368599387814, support, 3.8289094341829766, 8688, Viol2t, 17.583036619544174, 4404, SFS, 5.518763318543062, 56099.524862706668905.793560149468, 
6.9556592263402255, 5.604370619884359, tank, 2.7144060110765205, 5809, Void, 19.973166618816787, 4406, GLA, 1.9716580975978708, 44429.609832823287203.223142782313, 
9.939635728041077, 5.469553899385042, tank, 4.688189056615751, 4640, xepheR, 16.718259088686356, 4407, FLA, 3.6119695561976695, 40698.017442524436558.678495057638, 
0, 5.066682070058084, tank, 6.4652335373380385, 8753, Yakpung, 14.500770476534273, 7695, TOR, 3.692666593432162, 48907.7460502982146499.510664535991, 
435.60461716704225, 6.608526527190792, offense, 5.329456876766768, 8710, YangXiaoLong, 15.8284869239973, 7692, CDH, 4.423449207716417, 11258.1828481554998579.578738451453, 
6871.197319517989, 5.031591504204153, offense, 5.73042365756584, 8894, YOUNGJIN, 18.239519202740052, 4408, SHD, 4.304806064707996, 42928.763159632685733.735527457003, 
7883.684829575879, 1.1978601180207225, support, 4.535717525539139, 8813, Yveltal, 7.214078913023676, 7692, CDH, 3.6474167638608512, 44579.4957162737852358.724361198169, 
8663.710410708085, 3.6887172349708615, offense, 5.151484414355858, 8642, ZachaREEE, 17.018978139279355, 4523, DAL, 5.0242872683223805, 47170.869686186315347.346906451099, 
0, 5.402456737261927, tank, 2.8433982827694355, 4098, ZUNBA, 21.04114729249382, 4409, SEO, 2.8433982827694355, 4220.3021900653848161.729841452398, 
